recording,minute,species
100142,2,"AMRO,BAOR,COLO,GRAJ,LISP,OSFL,PAWA,SORA,SWSP,WTSP"
100153,2,"AMRO,BOWA,CHSP,GRAJ,LCSP,LISP,SWTH,WEWP,WIWA"
100153,3,"AMRO,BOWA,CHSP,GRAJ,LCSP,LISP,RBGR,SWTH,WIWA"
100435,1,"MAGO,RNGR"
100634,1,"ALFL,AMRO,CCSP,NAWA,OSFL,SWSP,SWTH,TEWA,WTSP,WIWA"
100634,2,"ALFL,AMRO,CCSP,LCSP,NAWA,OSFL,SWSP,SWTH,TEWA,WTSP,WIWA"
100634,3,"ALFL,AMRO,CCSP,COYE,LCSP,NAWA,OSFL,SWSP,SWTH,TEWA,WTSP,WIWA"
100665,1,"AMRO,COLO,EAKI,FRGU,LEFL,LISP,RNGR,SOSP,WETA,WEWP,WTSP,YHBL,BLPW"
100682,1,"ALFL,BOGU,COYE,FRGU,LCSP,LISP,RNGR,SORA,SWSP,WISN,YBFL,SOSP"
101932,3,"AMRO,CHSP,HETH,LISP,PAWA,RCKI,RUBL,SWTH,WISN,ATSP,DEJU"
101945,3,"CANG,LEYE,LISP,MALL,RBGU,RCKI,RUGR,RWBL,SWSP,WISN,YBSA,YRWA,PAWA"
101949,3,"BWTE,RUGR,RWBL,SOSA,SOSP,WIPH"
101954,1,"CANG,COLO,RNDU,RWBL,SWSP,TRUS,YRWA,RUGR"
101954,2,"AMCO,CANG,MALL,RWBL,SWSP,TRUS,YRWA"
101954,3,"CANG,RUGR,RWBL,SWSP,TRUS,YRWA"
101976,2,"AMCR,AMGO,BLJA,CANG,LEFL,REVI,VESP,WISN,WTSP"
101982,2,"BAEA,BBMA,BLTE,CCSP,CORA,GADW,HOWR,LISP,MALL,SPSA,WISN,WTSP,SOSA"
101984,3,"BAEA,CCSP,CHSP,CORA,HOWR,LISP,SOSP,WEME,WTSP"
101985,1,"AMRO,CCSP,CHSP,LISP,MALL,RTHA,WTSP,SAPH"
101990,2,"AMCR,AMRO,CANG,CCSP,CHIK,CHSP,LISP,WTSP"
102000,1,"AMCR,BBMA,REVI,VESP"
102001,3,"AMRE,AMRO,CANG,CCSP,CHIK,COGR,CORA,LISP,REVI,SAVS,SOSP"
102011,3,"AMCR,LISP,SAVS,SPSA,AMKE"
102033,2,"AMRO,BRBL,CCSP,RWBL,SOSP,TRES"
102033,6,"BRBL,AMRO"
102033,7,BRBL
102035,2,"AMRO,CHIK,HOWR,LISP,RWBL,SOSP,WTSP"
102036,1,"AMRE,BBMA,CANG,CCSP,FRGU,HOWR,LEFL,LISP,RCKI,RWBL,SOSP,WISN,WTSP,BLPW"
102037,2,"AMRE,AMRO,CCSP,CHIK,HOWR,LISP,RWBL,SORA,SOSP,TRES,WTSP"
102038,3,"AMGO,AMRE,AMRO,BHCO,CHIK,LISP,REVI,RWBL,SAVS,SOSP,WISN"
102042,1,"AMRO,BCCH,CCSP,HOWR,RWBL,SAVS,VESP,WISN,WTSP,MALL,YEWA"
102049,1,"AMCO,AMCR,BARS,CCSP,DOWO,HOWR,LEFL,SORA,SOSP,TRES,WAVI,CORA"
102049,3,"AMCR,BARS,CCSP,HOWR,SOSP,TRES,WAVI,WISN,WTSP,CORA,YEWA"
102052,1,"AMCR,AMRO,CHIK,SOSP"
102066,2,"AMCR,AMRO,CCSP,SAVS,SOSP,VESP"
102073,2,"ALFL,AMKE,CCSP,CORA,MALL,RWBL,WTSP"
102073,3,"AMKE,CCSP,CORA,HOWR,RWBL,SOSP,AMCR"
102089,3,"AMKE,AMRO,CCSP,CORA,SAVS"
102100,3,"BBMA,CCSP,CORA,SAVS,VESP,WTSP"
102111,2,"AMCR,AMRO,CCSP,CHIK,HOWR,SAVS,CORA"
102111,3,"AMCR,AMRO,CHIK,HOWR,SAVS"
102115,3,"AMCR,CHIK,REVI,SAVS,SOSP,VESP,CCSP"
102116,1,"AMCR,CCSP,CHSP,HOWR,REVI,ROPI,SOSP,WISN"
102140,5,"AMGO,CCSP,HOLA,SPPI"
102142,10,"AMGO,SAVS,SPPI,VESP,WEME"
102154,2,"CONI,SAVS,VESP,WEME"
102187,1,"GRSP,HOLA,SAVS,VESP,WEME"
102187,2,"GRSP,HOLA,SAVS,VESP,WEME"
102187,3,"GRSP,HOLA,SAVS,VESP,WEME"
102189,3,"BLTE,MALL,SAVS,VESP,WEME"
102254,2,"SAVS,UPSA,VESP,WEME,BBPL"
102257,2,"SAVS,UPSA,VESP,WEME"
102261,1,"HOLA,RWBL,SAVS,UPSA,VESP,WEME"
102265,2,"AMRO,HOSP,RWBL,SORA,WEME,MODO"
102266,1,"AMRO,BARS,EAKI,HOSP,MODO,RWBL,WEME"
102266,2,"BARS,EAKI,HOSP,MODO,RWBL,WEME"
102266,3,"BARS,HOSP,MODO,RWBL,WEME"
102267,1,"BARS,HOSP,LCSP,MODO,RWBL,WEME"
102267,3,"HOSP,MODO,RWBL,WEME"
102272,2,"BAIS,SAVS,VESP,WEME"
102273,3,"BAIS,LCSP,VESP,WEME"
102275,1,"BAIS,GRSP,SAVS,VESP,WEME"
102275,2,"BAIS,GRSP,SAVS,VESP,WEME"
102275,3,"BAIS,GRSP,SAVS,VESP,WEME"
102277,1,"BAIS,HOLA,MOBL,SAVS,VESP,WEME"
102277,2,"BAIS,HOLA,SAVS,VESP,WEME"
102279,1,"BAIS,SAVS,VESP,WEME"
102283,3,"BAIS,CCSP,HOLA,SAVS,VESP,WEME"
102288,3,"BAIS,CCSP,SAVS,VESP,WEME"
102289,1,"BAIS,SAVS,VESP,WEME,PSFL"
102291,1,"BAIS,SAVS,SPPI,VESP,WEME,WILL"
102304,1,"SAVS,SPPI,UPSA,VESP,WEME"
102305,2,"BANS,SAVS,SPPI,VESP,WEME"
102305,3,"BANS,SAVS,SPPI,VESP,WEME"
102310,1,"BANS,CONI,SAVS,VESP,WEME"
102310,2,"BANS,SAVS,VESP,WEME"
102310,3,"BANS,VESP,WEME"
102312,3,"COTE,SPPI,WEME"
102320,4,CONI
102325,1,"GRSP,SAVS,VESP,WEME"
102325,2,"AMRO,GRSP,SAVS,VESP,WEME"
102325,3,"GRSP,SAVS,VESP,WEME"
102374,2,"BANS,SAVS,WEME"
102376,1,"BANS,CONI,SPPI,VESP,SAVS"
102377,3,"BANS,VESP"
102394,2,"BANS,HOLA,SAVS,SPPI,VESP,WEME"
102415,3,"CONI,HOLA,SAVS,SPPI,VESP,WEME"
102425,3,"MOBL,VESP,WEME,BRTH"
102475,3,"AMRO,BARS,CCSP,SAVS"
102478,2,"BBMA,CCSP,ROPI,SAVS"
102482,3,"BAOR,CCSP,HOWR,LCSP,TRES,VESP"
102485,1,"AMRO,BAOR,BHCO,CCSP,GRCA,HOWR,VESP"
102485,2,"AMRO,BAOR,CCSP,GRCA,TRES"
102504,3,"AMRO,BCCH,CCSP,HOWR,MOBL,MODO,YEWA"
102513,3,"ALFL,AMGO,BBMA,BHCO,CANG,CCSP,CORA,HOWR,RWBL,SAVS"
102517,1,"AMRO,BBMA,CCSP,HOWR,LASP"
102530,3,"AMGO,CCSP,SAVS,VESP,MOCH"
102541,1,"AMCR,AMRO,CCSP,LISP,VESP"
102562,1,"AMRO,CCSP,GRCA,VESP"
102562,3,"AMRO,CCSP,GRCA,VESP"
102585,1,"AMRO,BBMA,CCSP,HOWR,LEFL,SAVS,SOSP,TRES,VESP"
102585,2,"BAEA,CCSP,HOWR,LEFL,SAVS,SOSP,TRES,VESP"
102598,3,"AMCR,AMRO,BAOR,CCSP,HOWR,TRES,VESP"
102602,3,"AMRO,CCSP,MOBL,MODO,SAVS,TRES,VESP,WCSP"
102621,1,"HOWR,ROPI,SPPI,WEME,WISN,STGR"
102621,2,"HOWR,ROPI,SPPI,WISN,STGR"
102622,1,"SAVS,WEME,WITU"
102663,2,"AMRO,LASP,SAVS"
102667,3,"SAVS,UPSA,WEME"
102679,1,"AMCO,AMRO,BOBO,COGR,MODO,PIGR,RWBL,YHBL,GRCA"
102682,2,"AMCO,MODO,PIGR,RWBL,WILL,YHBL,EAKI,PBGR"
102685,2,"AMCO,BHCO,BLTE,KILL,NSHO,PIGR,RWBL,SORA,YHBL,BASA,WIPH"
102689,3,"BWTE,CANG,COGR,HOLA,PIGR,PUMA,RWBL,SAVS,YHBL"
102695,1,"GADW,KILL,SORA,WISN"
102697,3,"BLTE,RNDU,RWBL,SORA,YHBL"
102701,2,"AMCO,KILL,RWBL,WIPH,YHBL,AMAV,SWHA"
102701,3,"AMCO,GWTE,PIGR,RWBL,SORA,WIPH,YHBL,AMAV"
102705,3,"BHCO,COGR,HOWR,MODO,PIGR,SAVS,VESP,YHBL"
102706,2,"AMCO,AMRO,BHCO,COGR,HOWR,YHBL"
102716,1,"AMCO,PIGR,SAVS,YHBL,HOLA,PBGR,RWBL"
102723,1,"AMBI,AMCO,EAGR,LEYE,MODO,PBGR,SAVS,YHBL"
102728,1,"AMCO,EAGR,MODO,PBGR,RWBL,SAVS,YHBL"
102728,2,"AMCO,EAGR,HOLA,MODO,PBGR,RWBL,SAVS,YHBL,AMBI"
102729,2,"AMCO,HOLA,PIGR,SAVS,SORA,YHBL"
102730,3,"AMCR,AMRO,BHCO,HOSP,MODO,RWBL"
102735,1,"AMCR,BHCO,CANG,HOWR,RWBL,WILL,WEME"
102736,1,"AMCR,BHCO,BWTE,HOWR,KILL,YHBL"
102736,2,"AMCO,AMCR,BHCO,BWTE,MODO,KILL"
102736,3,"AMCO,AMCR,BHCO,BLTE,BWTE,HOWR,MODO,RWBL,UPSA,YHBL,COGR"
102737,1,"AMCR,BHCO,BWTE,HOLA,RWBL,VESP,WEME"
102737,2,"AMCR,BHCO,BWTE,HOLA,RWBL,VESP,WEME"
102740,3,"BARS,BHCO,BLTE,HOWR,MODO,ROPI,RWBL,WEME,YHBL"
102741,1,"AMCR,BHCO,HOWR,MODO,NSHO,ROPI,VESP,YHBL,COGR"
102742,3,"AMCO,AMCR,BHCO,HOWR,ROPI,RWBL,WEKI"
102743,1,"AMCO,AMCR,BHCO,BLTE,GADW,HOWR,MODO,NOPI,PIGR,REDH,ROPI,RWBL,SORA"
102743,3,"AMCO,AMCR,AMRO,BHCO,BLTE,HOWR,NOPI,RWBL,SORA,WEME,COGR"
102744,1,"AMBI,NSHO,REDH,RWBL,WEME,WISN,YHBL"
102744,2,"AMBI,AMCO,EAKI,MODO,NSHO,REDH,RWBL,WEME,YHBL"
102745,1,"AMCO,AMCR,BHCO,BWTE,HOWR,NOPI,RWBL,SORA,COGR"
102745,2,"AMCO,AMCR,BWTE,NOPI,RWBL,YHBL"
102746,2,"AMCR,AMRO,MALL,NOPI,RWBL,YHBL"
102751,1,"AMCO,BWTE,RWBL,SAVS,SORA,PBGR"
102755,2,"BHCO,CANG,HOLA,SAVS,SPSA,UPSA,WEME,WILL"
102755,3,"AMBI,BHCO,MODO,RWBL,SORA,SPSA,WEME,WILL,YHBL"
102757,3,"AMBI,AMCR,PIGR,SAVS,WEME"
102758,2,"AMCO,BHCO,BLTE,BWTE,HOLA,RWBL,SAVS,SPSA,UPSA,WEME,WILL,YHBL,AMAV"
102761,1,"AMCO,HOLA,RWBL,SAVS,SORA,UPSA,AMBI,BWTE"
102763,3,"BLTE,BWTE,RWBL,SORA,YHBL"
102764,2,"AMCO,COGR,RWBL,SPSA,WISN,YHBL,AMAV,GADW"
102764,3,"AMCO,BLTE,GADW,NSHO,RWBL,SORA,SOSA,YHBL,AMAV,BWTE"
102769,2,"AMCO,GWTE,SAVS,SPSA,AMAV"
102769,3,"AMCO,BLTE,MALL,RWBL,SAVS,SPSA,AMAV,LBDO"
102832,1,"AMRE,AMRO,BAOR,CCSP,HOWR,LCSP,LEFL,SOSP,WAVI"
102841,3,"ALFL,AMRE,CCSP,MOBL"
102842,3,"AMBI,AMRE,AMRO,BAOR,CCSP,LCSP,LEFL,SAVS,GRCA"
102843,1,"ALFL,AMCR,CCSP,GRCA,HOWR,LEFL,TRES"
102843,3,"ALFL,BLTE,CCSP,GRCA,HOWR,LEFL"
102844,1,"AMBI,AMRE,BAOR,CCSP,LEFL,REVI,GRCA,YEWA"
102844,2,"BAOR,CCSP,LEFL,REVI,GRCA"
102848,2,"AMCR,AMGO,AMRO,BAOR,BHCO,CCSP,HOWR,LEFL,WAVI,WISN,YEWA"
102853,3,"ALFL,AMCO,AMRO,CCSP,HOWR,LCSP,RWBL,SAVS,TRES,WAVI,WISN"
102854,1,"AMCO,CCSP,HOWR,LCSP,MOBL,MODO,SAVS,SORA,SOSP,TRES,WISN"
102860,3,"AMBI,AMCR,AMRE,AMRO,BCCH,HOWR,LCSP,LEFL,MODO,SAVS,WAVI"
102863,3,"AMCO,AMRO,CCSP,COYE,HOWR,LCSP,MOBL,RWBL,SEWR,SORA,SOSP,WISN"
102864,1,"BCCH,BLTE,CHIK,CORA,COYE,HOWR,RWBL,SOSP,TRES,WISN"
102871,1,"AMRO,CCSP,HOWR,LCSP,MOBL,SAVS,TRES,WEME"
102879,2,"AMCO,ATSP,SEWR,SORA,SWSP,WISN,BCNH"
102880,1,"AMCO,MALL,MAWR,PBGR,PUMA"
102880,2,"AMCO,BHCO,COYE,MALL,MAWR,PBGR,PUMA"
102880,3,"AMCO,MALL,MAWR,PUMA,SORA"
102884,3,"AMCO,DEJU,FRGU,SEWR,MAWR"
102887,3,"AMCO,BWTE,DEJU,GADW,SEWR,MAWR"
102889,2,"AMCO,AMGO,AMRO,BLTE,DEJU,SEWR,MAWR,SWSP,YEWA"
102892,3,"AMCO,BLTE,COYE,DEJU,RWBL,SEWR,MAWR,SWSP"
102924,2,"AMCO,AMGO,BLTE,MAWR,RWBL,YHBL"
102929,3,"AMRE,GADW,LEFL,MALL,MAWR"
102934,1,"AMCO,AMRE,BLTE,DEJU,MAWR,PUMA,RWBL,TRES,SWSP"
102934,2,"AMCO,AMRE,BLTE,DEJU,MAWR,PUMA,RWBL,SORA,SWSP"
102934,3,"AMCO,AMRE,BLTE,DEJU,MAWR,PUMA,RWBL,SWSP"
102942,2,"AMCR,AMRE,CCSP,HOWR,LEFL,TRES,WAVI"
103748,1,"BAWW,CCSP,COYE,LISP,MAWA,NAWA,RBGR,REVI,SWSP,SWTH,TEWA,WTSP,CHSP,WIWA"
103748,2,"BAWW,CCSP,COYE,LISP,MAWA,NAWA,RBGR,REVI,SWSP,SWTH,TEWA,WTSP,CHSP,WIWA"
103748,3,"ALFL,BAWW,CCSP,COYE,GRYE,LISP,MAWA,NAWA,RBGR,REVI,SWSP,SWTH,TEWA,WTSP,CHSP,WIWA"
108765,1,"SWTH,VATH,YRWA"
108816,4,"BBWA,CMWA,SWTH,WIWR,YRWA"
108833,3,"GCKI,OCWA,RBNU,SWTH,WIWR,YRWA,DEJU"
108877,3,"BBWA,BHVI,CHSP,GCKI,OVEN,TEWA,WIWR,YRWA"
108877,6,"BBWA,TEWA,WIWR,YRWA"
108889,2,"BTNW,CHSP,EVGR,MAWA,MOWA,OVEN,RBGR,TEWA,WETA,WIWR,WTSP"
108970,3,"BADO,SWTH,WTSP,HETH,RUGR"
108978,9,"BTNW,CHSP,WTSP,YRWA"
109032,2,"HOWR,MODO,PUFI,RBNU,SAVS,WCSP"
109104,1,"AMRO,BRCR,RBNU,RUGR,SWTH,DEJU"
109105,3,"AMRO,BRCR,NOFL,YRWA"
109157,1,"AMRO,DUFL,HOWR,LEFL,MODO,RUGR,SPTO,WAVI,WCSP"
109166,3,"AMRO,HOWR,LEFL,MODO,SPTO,WAVI,WCSP"
109177,3,"AMRE,AMRO,CHSP,MODO,RUGR,TRES,VEER,WCSP"
109192,1,"AMRO,HOWR,VEER,WAVI"
109230,2,"AMRO,DUFL,GCKI,RUGR,VATH,WAVI"
109234,3,"AMRO,DUFL,GCKI,WAVI"
109256,3,"DUFL,HOWR,LEFL,MODO,SAVS,WCSP,WEWP"
109264,3,"BHCO,CCSP,CHSP,DUFL,HOWR,LEFL,SAVS,WAVI,WCSP"
109291,1,"AMRO,CHSP,CONI,GCKI,HOWR,LEFL,PAWR"
109291,2,"AMRO,CONI,GCKI,HOWR,LEFL,PAWR"
109291,3,"AMRO,GCKI,HOWR,LEFL,PAWR"
109341,1,"DUFL,HOWR,LEFL,RWBL"
109361,2,"AMRE,AMRO,DUFL,HOWR,LEFL,VEER,WAVI,WCSP,WEWP"
109368,2,"DUFL,HOWR"
109388,3,"DUFL,HOWR,LEFL,MODO,OVEN,VEER"
109422,2,"AMRO,BHCO,COYE,DUFL,MALL,MODO,TRES,WCSP"
109422,3,"AMRO,DUFL,MODO,TRES,VESP,WCSP"
109429,2,"BRTH,CCSP,COYE,MODO,SPTO,TRES,VEER,WAVI,WCSP"
109429,3,"BRTH,CCSP,COYE,MODO,TRES,VEER,WCSP"
109436,3,"CCSP,DUFL,HOWR,LEFL,VEER,WAVI,WCSP,YBSA"
109444,1,"AMRO,DUFL,HOWR,LEFL,MODO,SPTO,VEER,WCSP,WISN,YBSA,COYE,YEWA"
109495,1,"BLPW,RCKI,YRWA"
109495,2,"BLPW,RCKI,SWTH,TEWA,YRWA"
109531,8,BBWA
109872,6,"BLJA,CHSP,CMWA,WTSP"
109872,7,"BLJA,CMWA,DEJU,PISI"
109893,1,"BTNW,BWHA,HETH,OVEN"
109893,2,"AMRE,BTNW,BWHA,HETH,OVEN"
109960,6,"BRCR,CAWA,OVEN,WTSP"
109979,3,"AMRE,ATTW,BBWA,MOWA,REVI,SWTH,TEWA,WTSP,CSWA"
110004,1,"BCCH,OVEN,REVI,SWTH,YRWA"
110055,9,"BRCR,REVI,SWTH,WIWR"
110085,2,"BBWA,BCCH,SWTH,WIWR,WTSP"
110091,2,"BHVI,BTNW,RBGR,SWTH"
110120,3,"BLBW,BOCH,OVEN,RCKI,SWTH,TEWA,WTSP"
110121,1,"OVEN,PIWO,RCKI,SWTH,TEWA,WIWR"
110163,1,"ALFL,AMRE,BBWA,BHVI,CHSP,PISI,RCKI,SWTH,TEWA,WIWR,CMWA"
110166,10,"BTNW,CAWA,BBWA,OVEN,REVI,WETA"
110178,1,"HETH,OVEN,PHVI,SWTH,TEWA,WTSP"
110208,1,"BAWW,CONW,OVEN,SWTH,TEWA,WTSP"
110219,2,"DOWO,GRAJ,MOWA,OVEN,REVI,TEWA,YRWA"
110219,3,"DOWO,GRAJ,MOWA,OVEN,REVI,TEWA,WIWR,YRWA"
110243,1,"BCCH,BRCR,EVGR,MAWA,MOWA,OVEN,SWTH,TEWA,WETA,WTSP,YBSA,YRWA"
110244,3,"BTNW,MAWA,MOWA,REVI,TEWA,WIWR,WTSP,YRWA"
110245,8,"BRCR,BTNW,TEWA,WTSP,YRWA"
110319,5,"CMWA,CHSP,CONW,RBGR,RUGR,WIWR"
110404,6,"BTNW,MOWA,OVEN,RBGR,TEWA"
110452,1,"AMRE,BAWW,OVEN,SWTH,TEWA,WTSP"
110452,2,"AMRE,BAWW,OVEN,SWTH,TEWA,WTSP"
110453,1,"AMRE,OVEN,REVI,SWTH,TEWA,YRWA,MAWA"
110453,7,"CAWA,AMRE,MAWA,OVEN,WTSP"
110462,2,"AMRE,BAWW,CAWA,OVEN,REVI,WTSP,GCKI,TEWA"
110582,9,"CAWA,HETH,REVI,TOWA"
110640,1,"HETH,MAWA,MOWA,OVEN,PHVI,WTSP"
110640,2,"HETH,MAWA,MOWA,OVEN,PHVI"
110703,3,"BLPW,CORA,OVEN,TEWA"
110769,5,"BBWA,YRWA"
110777,3,"BBWA,BBWO,BHVI,HETH,SWTH,TEWA,YRWA"
110810,3,"CEDW,EVGR,OVEN,REVI,SWTH,TEWA,WIWR"
110812,10,"CAWA,REVI"
110825,1,"BLJA,BTNW,REVI,WETA,WIWR"
110840,2,"CHSP,MAWA,OVEN,SWTH,TEWA,WBNU,WETA,WIWR,WTSP,DEJU"
110840,3,"CHSP,MAWA,OVEN,SWTH,WBNU,WETA,WIWR,WTSP"
110841,2,"BHCO,BLBW,TEWA,WETA,WIWR,YRWA"
110841,3,"BHCO,BLBW,OVEN,PISI,WETA,WIWR,WWCR,YRWA"
110845,1,"BLBW,BRCR,MOWA,WAVI,WETA,WIWR,WTSP,PUFI"
110860,1,"BTNW,OVEN,REVI,SWTH,WETA,WIWR,WTSP,YBSA"
110979,1,"AMCR,AMRE,HETH,OVEN,RBGR,RCKI,WTSP,YRWA"
111036,6,"BRCR,ALFL,GCKI,OVEN,WTSP"
111116,3,"BEKI,CONW,OVEN,SWTH,TEWA,WIWR,WTSP,YRWA"
111130,2,"AMRE,BRCR,COYE,MOWA,PIWO,SWTH,TEWA,WIWR,WTSP"
111311,1,"MOWA,RBNU,REVI,TRES,WBNU,WTSP,YBFL"
111311,2,"REVI,WBNU,WTSP,YBFL"
111355,7,"CAWA,REVI"
111424,2,"BLJA,GRAJ,PISI"
111496,10,"BBWA,SWTH,WOTH,WTSP"
111513,2,"BBWA,BTNW,SWTH,WIWR"
111541,1,"BEKI,OVEN,RBNU,REVI,SWTH,WIWR,WTSP"
111554,8,"BBWA,OVEN,SOSA"
111568,1,"BBWA,CMWA,OVEN,WWCR,AMRE"
111603,1,"BWHA,OVEN,RBGR,REVI"
111603,2,"BWHA,OVEN,RBGR,REVI"
111603,3,"BWHA,OVEN,REVI,SWTH"
111645,4,"CAWA,SWTH,TEWA,WIWR"
111668,1,"CHSP,GCKI,MOWA,SWTH,TEWA,WIWR,WTSP"
111801,1,"CEDW,CHSP,OVEN,PIWO,SWTH,WIWR,WTSP"
111806,2,"AMRO,ATTW,NOFL,OVEN,SWTH,WTSP,YRWA"
111810,8,"BRCR,OVEN,SWTH,WIWR,YBSA"
111811,3,"AMRO,CHSP,EVGR,GRAJ,PISI,WETA,WIWR,WTSP,YRWA"
111888,5,GHOW
111961,8,GGOW
111966,3,GGOW
111980,4,"BOOW,WISN"
112306,1,BADO
112366,1,BWTE
112407,5,AMWI
112440,7,BOOW
112532,1,GHOW
113111,3,GGOW
113546,3,BOOW
113559,5,"BOOW,GHOW"
113570,8,"GGOW,GHOW"
113570,10,"GGOW,GHOW"
113579,1,BADO
113615,8,BOOW
113712,8,BOOW
113982,6,LEOW
113982,7,LEOW
113982,8,LEOW
113982,9,LEOW
114097,3,"CHSP,CMWA,DOWO,GRYE,HETH,LISP,OSFL,PAWA,WTSP,YRWA,ATTW,TEWA"
114102,1,"CHSP,LISP,OSFL,PUFI,TEWA,WEWP"
114320,3,GHOW
114395,3,"BAEA,COLO,LCSP,SOSP"
114597,1,"ALFL,CONW,MAWA,NAWA,OVEN,REVI,WTSP,PHVI"
114597,2,"ALFL,CONW,MAWA,NAWA,RBNU,REVI,WTSP,PHVI"
114607,1,"CANG,GHOW,NOPO"
114774,1,"ATTW,CANG,CEDW,COLO,DEJU,GRAJ,HETH,PAWA,RCKI,RNGR,YRWA"
114774,2,"ATTW,BOCH,CANG,COLO,DEJU,GRAJ,HETH,LISP,PAWA,RCKI,CHSP"
114774,3,"AMCR,ATTW,BOCH,CANG,DEJU,GRAJ,HETH,LISP,PAWA,RCKI,SACR,WTSP,CHSP"
114800,3,"BBWO,CANG,CORA,COYE,LISP,PAWA,SACR,SOSP,SWTH,WISN,HETH"
118867,1,"CCSP,GRCA,SPTO,VESP,WEME,BLPW"
118867,2,"GRCA,SPTO,VESP,WEME"
118892,1,"CCLO,KILL,RWBL,SAVS,WEME"
118892,2,"CCLO,KILL,RWBL,SAVS,WEME"
118892,3,"CCLO,RWBL,SAVS,WEME"
118904,1,"BARS,BOBO,CORA,LCSP,RWBL,SAVS,WEME"
118906,2,"BOBO,LCSP,SAVS,VESP,WEME"
118906,3,"BOBO,CORA,LCSP,RWBL,SAVS,WEME"
118910,3,"AMCR,BHCO,BOBO,CCSP,HOLA,RWBL,SAVS,VESP,WEME,MOBL"
118911,1,"BHCO,BOBO,RWBL,SAVS,WEME"
118913,2,"BBMA,BOBO,RWBL,SAVS,WEME"
118913,3,"BBMA,BOBO,RWBL,SAVS,WEME"
118915,1,"BOBO,BRBL,HOWR,RWBL,SAVS,TRES,WEME,PSFL"
118915,2,"BOBO,BRBL,HOWR,KILL,RWBL,SAVS,TRES,WEME,PSFL"
118915,3,"BOBO,BRBL,COGR,EAKI,HOWR,KILL,RWBL,SAVS,SPPI,WEME,PSFL"
118927,1,"BOBO,HOLA,RWBL,SAVS,WEME,WISN"
123606,1,"BOCH,CANG,CHSP,RCKI,SWTH,TEWA,YRWA"
123619,2,"AMRE,CAWA,OVEN,WTSP"
123629,2,"BLBW,CORA,GRAJ,OVEN,REVI,SWTH,YRWA"
123805,1,"BOCH,CHSP,HAWO,HETH,OVEN,SOSA"
123847,1,LEOW
123934,1,"BBWO,CANG,GRAJ"
123938,1,"BBWO,CANG,CORA,GRAJ,LISP,RCKI,SPSA"
124019,1,"AMRO,BCCH,CANG,CCSP,CHSP,LCSP,LISP,NOFL,OVEN,SOSP,TEWA,WISN,WTSP"
124181,1,"AMCR,LCSP,NSHO,RWBL,SAVS,VESP,WISN"
155658,2,"CORA,HAWO,HETH,OVEN,REVI,RUGR,TEWA,WTSP"
155661,2,"CMWA,SWTH,TEWA,WIWR,YRWA"
155759,1,"CANG,COYE,DEJU,HETH,LCSP,LESC,LISP,SWSP,SWTH,WISN,WTSP"
155824,3,"BBMA,WTSP"
156053,1,"CEDW,CHSP,GRYE,LEFL,LISP,OVEN"
156075,1,"AMRO,CCSP,CHIK,SAVS"
156120,2,"AMBI,AMCO,CANG,EAGR,HOLA,SAVS,WILL,YHBL"
156329,1,"AMBI,AMCO,GADW,MODO,SAVS,WILL,YHBL,AMAV"
156329,3,"AMBI,AMCO,CANG,EAGR,GADW,SAVS,WILL,YHBL"
156366,2,"CHSP,GRYE,NOGO,OVEN,SWTH,TEWA"
156366,3,"CHSP,NOGO,OVEN,RUGR,SWTH,TEWA"
156422,1,"ALFL,BEKI,BRCR,BTNW,CAWA,CMWA,EAPH,MOWA,OVEN,REVI,WTSP,BAWW,RUGR"
156422,2,"ALFL,BTNW,CAWA,CEDW,CMWA,EAPH,HETH,MOWA,OVEN,REVI,WTSP,BAWW,RUGR"
156422,3,"ALFL,AMCR,BRCR,BTNW,CAWA,CHSP,CMWA,EAPH,HETH,MOWA,OVEN,REVI,TEWA,WTSP,BAWW,RUGR"
157025,3,"BBWA,SWTH,WTSP,GCKI"
157026,1,"BOCH,CAJA,DEJU,HETH,YRWA"
157026,2,"BOCH,CAJA,DEJU,HETH,YRWA,WTSP"
157026,3,"CAJA,COLO,DEJU,HETH,YRWA"
157061,3,"CAJA,CANG,CHSP,OVEN,PBGR,REVI,SWTH,WTSP"
157449,2,"CHSP,COYE,NOWA,SWTH,VATH,YRWA,WTSP"
159944,1,"SAVS,UPSA,WEME"
159956,1,"AMCO,BLTE,MERL,RWBL,SORA,SOSA,YHBL"
159956,2,"AMCO,BLTE,GADW,MALL,NSHO,RWBL,SOSA,YHBL,SORA"
159957,3,"ALFL,CCSP,DEJU,LCSP,LISP,OSFL,PAWA,SACR,SBDO,WTSP"
160034,3,"AMBI,AMCO,AMRE,AMRO,CCSP,LCSP,SAVS,SORA,SPPI,TRES"
160113,1,"AMRO,CCSP,HOWR,NOPI,SAVS,TRES,VESP"
160203,3,"BAEA,BCCH,CHSP,HETH,LISP,OVEN,SACR,SOSP,NOFL"
163490,1,"GCKI,OVEN,RUGR,SWTH,VATH,WISN,WTSP,YRWA"
163490,2,"AMRO,GCKI,RUGR,SWTH,VATH,WISN,WTSP,YRWA,OVEN"
163490,3,"AMRO,GCKI,OVEN,RUGR,SWTH,VATH,WISN,YRWA"
163496,2,"CAJA,GCKI,RBNU,SWTH,VATH,WISN,YBSA,YRWA"
163505,1,"CAJA,YRWA,RUGR"
163505,3,"CAJA,CORA,YRWA"
4031,1,"ALFL,GRYE,LCSP,LESC,LISP,MALL,RNGR,SORA"
4031,2,"COLO,GRYE,GWTE,LCSP,LESC,LISP,MALL,RNGR,SORA"
4135,2,"COLO,GRYE,GWTE,LCSP,LISP,RNGR,WISN,NOGO"
4163,1,"NOPI,RNGR,SORA"
4305,3,"ALFL,BBMA,COLO,GRAJ,HETH,LCSP,LISP"
43811,1,"ALFL,CCSP,CHSP,COYE,GADW,SWSP,SWTH,TEWA,WTSP"
43875,1,"ALFL,MAWA,REVI,TEWA,WAVI,WETA,WISN,WTSP"
44756,1,"CCSP,RNEP,SPTO,TRES,WEME,YEWA,VGSW"
44756,3,"CCSP,MODO,RNEP,SPTO,TRES,WEME,YEWA,VGSW"
44773,1,"AMRE,AMRO,CEDW,GCTH,HOWR,MODO,REVI,RNEP,TRES,WAVI,YEWA"
44773,3,"CEDW,HOWR,MODO,REVI,RNEP,TRES,WAVI"
44775,1,"HOWR,LEFL,MODO,PUFI,RNEP,YEWA,WAVI"
44775,2,"BHCO,HOWR,LEFL,MODO,PUFI,RNEP,YEWA,WAVI"
44781,1,"CANG,RNEP,SPPI,WEME"
44781,3,"RNEP,SPPI,WEME"
44786,2,"AMRO,CANG,MODO,RNEP,SOSP,VESP,WEME,ROWR"
44786,3,"CANG,RNEP,SOSP,VESP,WEME"
44861,1,"AMRE,GCTH,LEFL,REVI,SOSP,WTSP,VEER"
44861,3,"AMRE,GCTH,LEFL,OVEN,REVI,SOSP"
44906,1,"AMRE,DEJU,GCTH,LEFL,RBGR,REVI,WTSP,VEER,YEWA"
44906,2,"AMRE,AMRO,DEJU,GCTH,GRAJ,LEFL,REVI,WTSP,VEER,YEWA"
44906,3,"AMRE,AMRO,DEJU,GCTH,RBGR,REVI,WTSP,VEER,YEWA"
45294,1,"KILL,SWTH,WEWP,WTSP,WWCR,PSFL"
4713,1,"ALFL,AMRO,CHSP,CORE,HETH,LEFL,SWSP,TEWA,WAVI,WETA,WEWP,WTSP,YBSA"
4717,1,"AMRO,CCSP,COYE,DEJU,LEFL,SOSA,TEWA,TRES,WAVI,WEWP,WIWA,WTSP"
4728,3,"ALFL,CCSP,COYE,DEJU,GGOW,LCSP,LISP,SACR,SWSP,SWTH,TEWA,BLPW,CHSP"
4739,1,"ALFL,COYE,DEJU,GRAJ,KILL,LISP,REVI,SWSP,TEWA,WIWR,WTSP"
4934,3,"AMRO,CHSP,COYE,EAPH,LEFL,OSFL,RWBL,SOSA,TEWA,WEWP,WTSP,YRWA"
50001,3,"BBMA,COYE,LCSP,RWBL,SEWR,SORA,SWSP,YERA,CHSP"
50094,1,"CHSP,DEJU,LEYE,LISP,SWSP"
5183,2,"ATTW,CHSP,GRAJ,HETH,PAWA,TEWA"
66784,6,AMCO
66804,1,BADO
66813,3,"LEOW,NSWO,SWTH"
66813,4,"LEOW,NSWO"
66813,6,LEOW
66819,4,"LCSP,REDH"
66840,1,"BLTE,CHSP,COYE,EAPH,HAWO,HETH,LCSP,OVEN,PHVI,WISN"
67094,2,"COGR,HETH,SOSP,TRES,WETA,WTSP"
67162,3,"BOGU,CHSP,COYE,FRGU,LISP,PAWA,RUGR,RWBL,SACR,SOSP,TEWA,TRES"
67171,1,"AMRO,CHSP,PBGR,RNGR,STGR,WETA,WTSP"
67171,2,"AMRO,CHSP,RNGR,STGR,WETA,WTSP,YBSA"
67171,3,"AMRO,CHSP,RNGR,STGR,TRES,WETA,WTSP,YBSA"
67192,1,"AMCO,BOGU,DEJU,LISP,PALO,RNGR,RWBL,SOSP,WISN,WIWR,WTSP,YBSA"
67192,2,"BOGU,CHSP,DEJU,LISP,PALO,RUGR,RWBL,WISN,WIWR,WTSP,YBSA"
67198,2,"AMRO,COLO,RBGU,RCKI,RNGR,RWBL,SACR,SWSP,WISN,YBSA"
6721,1,"AMRE,AMRO,DOWO,HETH,MAWA,OVEN,SWTH,WAVI,WETA,WTSP,YBSA"
67335,1,BADO
67425,5,BOOW
67435,1,NSWO
67461,3,NSWO
67482,4,BOOW
67483,6,BOOW
67565,1,"GHOW,GWFG"
67598,3,"GHOW,GWFG,SNGO"
67631,3,GWFG
67631,4,GWFG
67693,1,"GHOW,GWFG"
67693,3,GWFG
67693,4,"GWFG,SNGO"
67693,6,GWFG
67693,8,GWFG
67693,10,"GWFG,BRCR"
68577,2,GHOW
68702,2,"SORA,SPSA"
68758,5,"BOOW,GHOW"
68792,7,BBMA
68797,6,AMCO
68842,3,"KILL,YBFL"
68854,1,"AMRE,BBWA,CMWA,HETH,OVEN,PHVI,REVI,YBSA,WTSP"
68887,2,"AMRO,BBMA,BOWA,CEDW,CHSP,CORA,LISP,MOWA,REVI,TEWA,WTSP,YBSA"
68887,3,"ALFL,AMRO,BBMA,BOWA,CEDW,MOWA,REVI,TEWA,WTSP"
68895,3,"ALFL,AMRE,CAWA,COYE,OVEN,PHVI,RBGR,REVI,SOSP,SWTH,TEWA,WTSP"
68962,1,"LEFL,PUFI,WTSP"
68983,1,"ALFL,CHSP,COYE,EAPH,LISP,NOWA,RBGR,SWTH,TEWA,WISN,WTSP"
68983,2,"ALFL,CHSP,COYE,EAPH,LISP,NOWA,SOSA,SWTH,TEWA,WISN,WTSP"
68983,3,"ALFL,CHSP,COYE,EAPH,NOWA,RBGR,SWTH,TEWA,WISN,WTSP"
68994,2,"BCCH,LISP,WTSP"
69018,1,"ALFL,CCSP,CORA,REVI,TEWA,WTSP"
69134,2,"ALFL,CHSP,COYE,HETH,PIWO,RCKI,SWTH,TEWA,WETA,WISN,WTSP"
69143,1,"CMWA,OVEN,SWTH,TEWA,YRWA"
69235,3,"BHVI,CMWA,GRAJ,OVEN,SWTH,TEWA,WIWA,YRWA"
69307,3,"AMRE,BAWW,DOWO,HETH,REVI,SWTH,TEWA,WTSP,ALFL"
69308,1,"ALFL,AMRO,BAWW,MAWA,REVI,SWTH,WTSP"
69322,3,"ALFL,AMCR,CCSP,CHSP,GRAJ,LISP,PAWA,PIWO,REVI,WTSP,YRWA"
69346,1,"ALFL,AMCR,HAWO,LCSP,REVI,SWTH,TEWA,WTSP,YBSA"
69358,3,"BHCO,PIWO,REVI,RWBL,SWSP,SWTH,WTSP,YRWA,ALFL"
69461,3,"BOGU,CEDW,CHSP,COLO,HETH,NOFL,PAWA,REVI,OVEN,WTSP"
69511,2,"ALFL,AMRE,AMRO,BHVI,CMWA,COYE,GRAJ,HAWO,HETH,RCKI,TEWA,YRWA"
69512,5,"CMWA,TEWA,WTSP,YRWA"
69521,1,"ALFL,BBWA,CONI,COYE,MAWR,REDH,REVI,RWBL,SWSP,SWTH,TEWA,WISN,BAWW"
69521,3,"BRBL,CHSP,COYE,LCSP,MAWR,REVI,RWBL,SORA,SWSP,SWTH,TEWA,WISN,WTSP"
69540,2,"BAWW,MAWA,OVEN,PHVI,REVI,TEWA,WIWR,WTSP"
69541,2,"AMCR,GRAJ,MAWA,OVEN,REVI,SWTH,TEWA"
69542,1,"EVGR,GRAJ,HETH,MAWA,PISI,REVI,TEWA,WTSP"
69683,1,"HAWO,SWTH"
69683,3,"HAWO,PISI,SWTH,WWCR"
69850,3,"ALFL,AMRO,BLJA,MAWA,NOWA,WTSP"
69855,3,"AMRE,HETH,SWTH,WWCR,DEJU,YRWA"
69856,2,"GGOW,GRAJ,HETH,RCKI"
69941,2,"RCKI,YBFL"
69993,2,"ALFL,BOCH,HETH,RCKI,TEWA"
70021,2,"BOCH,RCKI,SWTH"
70026,2,"BHVI,GCKI,RCKI,SWTH,TEWA,YRWA"
70057,3,"CORA,DEJU,RCKI,SOSA,SWTH,AMRO,YRWA"
70152,3,"CORA,RCKI,WWCR"
70215,2,"AMCR,COYE,YRWA"
70248,1,"AMBI,AMWI,CANG,COLO,HETH,LCSP,LISP,RWBL,SORA,SWTH,YRWA"
70306,1,"ALFL,CHSP,KILL,MAWA,NOWA,RCKI,TEWA,WISN,WTSP"
70328,1,"ALFL,AMRE,BWHA,GRAJ,LCSP,MOWA,OVEN,REVI,YRWA"
70328,3,"BWHA,LCSP,MOWA,OVEN,REVI,SWTH,YRWA"
70356,3,"AMGO,ATSP,CHSP,CORA,HETH,RCKI,TEWA,YRWA"
70375,3,"BBWA,CORA,REVI,TRES,PHVI"
70537,2,"COLO,EVGR,GRAJ,HETH,OVEN,PAWA,PISI,RCKI,WTSP,YRWA"
70678,1,"ALFL,COYE,LISP,MAWA,SOSP,WCSP,WETA,WTSP"
70682,1,CONI
70875,1,"ALFL,CHSP,CORA,HETH,MAWA,OCWA,RCKI,REVI,SWTH,TEWA,WTSP"
7088,1,"DEJU,GCKI,OVEN,RUGR,SWTH,VATH,YBFL,YRWA"
70899,3,"BAWW,CHSP,GRAJ,MAWA,NOFL,OVEN,RCKI,TEWA,WTSP,YRWA"
70960,2,"AMKE,GRAJ,LISP,WTSP"
71352,3,"BOCH,HETH"
71363,1,"BLPW,OVEN,SWTH,TEWA,WTSP,YRWA,CMWA"
71363,2,"BLPW,CHSP,OVEN,SWTH,TEWA,WIWR,WTSP,CMWA"
71363,3,"BLPW,OVEN,SWTH,TEWA,WIWR,WTSP,YRWA,CMWA"
71487,3,"BHVI,CHSP,CMWA,OVEN,RUGR,TEWA,PHVI"
71571,1,"CHSP,GRAJ,HETH,RCKI,RECR"
71571,3,"CHSP,HETH,RCKI,RECR"
71600,1,"ALFL,BLJA,COYE,OVEN,PISI,TEWA"
71605,1,"EAKI,LISP,RWBL,SORA,DEJU,LEYE"
71621,1,"BWHA,HETH,OVEN,RBGR,SWTH"
71654,1,"ALFL,BLTE,CHSP,GBHE,LISP,RNGR,RWBL,SAVS,SOSP,SWTH,TEWA,WISN,WTSP,SWSP"
71654,2,"ALFL,BLTE,CHSP,GBHE,LISP,RNGR,RWBL,SAVS,SWTH,TEWA,WISN,WTSP,SWSP"
71654,3,"ALFL,BLTE,CHSP,GBHE,LISP,RNGR,RWBL,SAVS,TEWA,WISN,WTSP,YRWA"
71660,3,"BLTE,CHSP,DEJU,GRAJ,RNGR,RWBL,SAVS,SORA,SWSP,TEWA,WIPH,WISN"
71683,3,"BANS,BLTE,DEJU,RNGR,RWBL,SBDO,SORA,WISN,GRYE"
71761,3,"BBWO,CHSP,SWSP,ATTW,DEJU"
71763,1,"BBWO,DEJU,HETH,PISI,YRWA"
71763,3,"AMWI,BBWO,CEDW,GRAJ,YRWA"
71765,1,"ALFL,BOGU,CHSP,COYE,EAKI,GRAJ,LEYE,RNGR,RWBL,SORA,SOSP,SWSP"
71789,2,"DEJU,FOTE,GRYE,LCSP,MALL,REVI,RNGR,RWBL,SWSP,TEWA,TRES,YRWA"
71789,3,"CANG,DEJU,FOTE,GRYE,LCSP,REVI,RNGR,RWBL,SORA,SWSP,TEWA,TRES,WISN,YRWA"
71802,2,"BWTE,LCSP,LISP,RNGR,SORA,WISN"
71824,2,"ALFL,BLTE,COYE,EAKI,LCSP,LISP,RNGR,RWBL,SORA,WIPH,WISN"
71824,3,"ALFL,BLTE,COYE,EAKI,LCSP,LISP,RNGR,RWBL,SORA,WIPH,WISN,WTSP"
71851,3,"ALFL,AMBI,BLTE,CHSP,EAKI,GRYE,LEYE,LISP,RWBL,SWSP,WIPH,WISN"
71854,2,"DEJU,HETH,LISP,NOBO,RCKI,TEWA,YRWA,PAWA"
71911,2,"ALFL,BLTE,CHSP,COYE,DEJU,FOTE,GRYE,LCSP,LEYE,LISP,PAWA,RBGU,RNGR,RWBL,SWTH,TEWA,WEWP,WISN,MGWA,SWSP"
72033,1,"BLTE,COYE,DEJU,FOTE,GRYE,LCSP,LISP,RNGR,RUBL,RWBL,SWSP,WISN,BOGU"
72033,3,"AMBI,BLTE,COYE,DEJU,FOTE,LCSP,RNGR,RUBL,RWBL,SBDO,SWSP,WISN"
72158,2,"CONI,SORA,WISN"
72281,1,"ATSP,HETH,LISP,PAWA,SWTH,TEWA,SWSP"
72281,2,"ATSP,CHSP,LISP,PAWA,TEWA,DEJU,SWSP"
72286,2,"AMRO,CANG,CHSP,COLO,FRGU,LISP,PAWA,RUBL,DEJU"
72475,3,"ALFL,AMBI,COYE,LISP,SWSP"
72477,1,"AMBI,CHSP,COYE,DEJU,HETH,LISP,SWSP,TEWA,YRWA,PAWA"
72487,3,"ALFL,AMBI,BAWW,CHSP,COYE,HETH,LISP,NOWA,RCKI,SWSP,TEWA,YRWA"
72529,1,"ALFL,AMBI,ATSP,CHSP,COYE,DEJU,LISP,SWSP,TEWA,WTSP"
72529,2,"ALFL,ATSP,CHSP,COYE,DEJU,HETH,LISP,RCKI,SWSP,TEWA,WTSP,FOSP"
72536,3,"AMBI,DEJU,GRAJ,HETH,RCKI,TEWA,WWCR,YRWA"
72602,2,"AMRO,CHSP,COYE,EAKI,LCSP,LISP,SACR,SBDO,WISN"
72672,1,"ATSP,CHSP,DEJU,SWTH,TEWA,WTSP,YRWA,HETH"
72715,2,"ALFL,AMCO,AMRO,CHSP,COLO,COYE,DEJU,DOWO,PBGR,RNGR,RWBL,SACR,TRES,WIPH,WTSP,SWSP,WIWA"
72775,1,"ATSP,COYE,HETH,SWSP,TEWA,YRWA,DEJU"
72775,3,"ALFL,ATSP,COYE,GRAJ,HETH,MAWA,NOWA,PISI,SWSP,TEWA,WTSP,BLPW,DEJU"
72782,1,"ATSP,DEJU,HETH,RCKI,TEWA,WTSP,YBFL,PAWA"
72788,2,"ATSP,GRAJ,HETH,LISP,NOWA,WTSP,YRWA"
72963,2,"BLPW,CONW,CORA,HETH,OVEN,RNGR,SORA,SWTH,WTSP,GCKI"
72963,3,"BLPW,CONW,CORA,DEJU,HETH,OVEN,RNGR,SWTH,WTSP,RUGR"
72964,1,"LCSP,LISP,PAWA,SNGO,DEJU"
72964,3,"LCSP,LISP,PAWA,SNGO"
73128,2,"AMRO,BRBL,CHSP,OCWA,RBNU,RCKI,SWTH,WIWA,YBSA,YRWA,HETH"
73128,3,"AMRO,BRBL,CHSP,OVEN,RBNU,RCKI,SWTH,YBSA,YRWA,HETH"
73166,3,"BOGU,CHSP,FOTE,GRAJ,LCSP,LEYE,LISP,PAWA,SOSA,SWSP,WISN"
73191,1,"BHVI,CMWA,HETH,WIWR"
73207,3,"AMWI,WISN"
73224,1,"ALFL,BCCH,BEKI,CHSP,COYE,PISI,RWBL,SORA,TEWA,WISN,WIWR"
73356,1,"KILL,SORA,WISN"
73432,2,"BBWA,BLBW,BRCR,CORA,REVI,SWTH,WETA,WIWR,WTSP,YRWA"
73490,1,"CHSP,CORA,GCKI,OVEN,PISI,RBGR,RBNU,SWTH,WIWR"
73492,1,"BHVI,GCKI,RCKI,SWTH,WIWR,WTSP,YRWA"
73512,3,"BHVI,DEJU,OVEN,SWTH,WETA,WIWR,YRWA,ATSP"
73518,1,"NSWO,RUGR"
73536,1,"ALFL,AMRO,BCCH,CCSP,CEDW,CHSP,DEJU,LEFL,SORA,SWTH,TEWA,WETA,WISN,WTSP,YBFL,YBSA,SWSP"
73599,2,NOPI
73712,3,"CHSP,COYE,DEJU,FOSP,LEYE,RUBL,RWBL,SORA,SWSP,WISN,WTSP"
73713,3,"BTNW,CANG,CORA,OVEN,SWTH,WIWR,WTSP,YRWA"
73727,2,"BRCR,CHSP,CORA,RCKI,RNGR,SWTH,WIWR,WTSP,YRWA"
73731,1,"AMCR,BLBW,BRCR,SWTH,WIWR"
73736,1,"BBWA,BLBW,DEJU,MAWA,RNGR,SWTH,WIWR"
73736,2,"AMCR,BBWA,BLBW,DEJU,MAWA,RNGR,SWTH,WIWR,BRCR,WOTH"
73755,2,"BHVI,BRCR,BTNW,CHSP,EVGR,LISP,MOWA,SWTH,WIWR,WTSP,RUGR"
73811,1,"AMCR,AMRO,BLBW,CHSP,EVGR,MAWA,RBNU,REVI,SWTH,WIWR,YRWA"
73872,1,"CONW,CORA,HETH,OVEN,PIWO,REVI,SACR"
73928,1,"CCSP,GRYE,LCSP,LISP,PAWA,RBGU,CHSP,DEJU,LEYE"
73958,2,"ALFL,CORA,DEJU,HETH,LISP,PISI,PIWO,REVI,TEWA,WTSP,BRCR"
74097,3,"ALFL,BHVI,COLO,DEJU,SWTH,YRWA,BLPW,PAWA"
74121,1,"AMBI,CCSP,CEDW,CHSP,COYE,LISP,PAWA,SWTH,TRES"
74155,3,"AMGO,CCSP,DEJU,GRAJ,LISP,PAWA,SWTH,WISN"
74190,2,"ALFL,CCSP,COYE,DEJU,LISP,OCWA,REVI,PAWA"
74283,3,"BLJA,HETH,LCSP,LISP,MAWA,OSFL,TEWA,YRWA"
74312,2,"CHSP,COYE,DEJU,DOWO,RWBL,SORA,SWSP,WISN,WTSP"
74361,3,"BLJA,GRAJ,LCSP,LISP,SWTH"
74377,3,"COYE,DEJU,GRAJ,PAWA,REDH,REVI,SWSP,SWTH"
74396,2,"CONW,HETH,OVEN,PBGR,REVI,RNGR,TEWA,WTSP,YBFL"
74508,2,"ALFL,CONW,DEJU,GRCA,HETH,RCKI,SWTH,TEWA,YRWA"
74527,2,"GWTE,LCSP"
74792,3,"BHVI,CEDW,DEJU,GRAJ,HETH,OVEN,RCKI,SWTH,PSFL"
74849,1,"BBWA,BRCR,CONW,HETH,OVEN,PHVI,TEWA,WTSP,YRWA,DEJU"
74955,2,"ALFL,CCSP,COYE,DEJU,HAWO,SWSP,WTSP"
75160,3,"CAWA,HETH,MOWA,OVEN,REVI,WTSP,PHVI"
75293,1,"BAWW,CORA,MOWA,REVI,RWBL,WTSP"
75432,3,"AMRO,CHSP,EAPH,WIWR,WTSP"
75633,1,"BCCH,CCSP,CHSP,HETH,LISP,TEWA,TRES,WTSP,SWTH"
75634,3,"CCSP,CHSP,MOWA,NAWA,TEWA,TRES,WTSP,PUFI"
75731,3,"CORA,HETH,YRWA"
75787,1,"AMRO,BCCH,CANG,CCSP,DEJU,HETH,LCSP,LISP,OVEN,RCKI,REVI,TEWA,YBSA,YRWA,AMRE,ATSP,PSFL,RUGR,WTSP"
75828,1,"DEJU,HETH,PUFI,YRWA"
75828,2,"DEJU,HETH,PUFI"
75923,1,"CHSP,CONW,GRAJ,OVEN,PUFI,RBGR,RUGR,WETA,WIWR,WTSP,YRWA"
75923,2,"CHSP,CONW,OVEN,PBGR,PUFI,SWTH,WETA,WIWR,WTSP,YRWA,RUGR"
76178,2,"LISP,MOBL,WTSP,YRWA,AMRO"
76178,3,"LISP,MOBL,WTSP,YRWA,AMRO"
76257,2,"ALFL,BUFF,GRAJ,HETH,LISP,TEWA,WTSP"
76257,3,"ALFL,BUFF,CEDW,HETH,LISP,TEWA,WTSP"
76303,3,"HETH,WTSP"
76376,2,"ALFL,BEKI,CHSP,CORA,HETH,MAWA,NOFL,TEWA,WIWR,WTSP,YBFL,OCWA"
76379,3,"HETH,LISP,OCWA,TEWA,WTSP"
76500,1,"ALFL,BLPW,CCSP,CHSP,COLO,COYE,SWTH,TEWA,WTSP"
76500,3,"ALFL,BLPW,COLO,COYE,SWTH,TEWA"
76505,2,"ALFL,HETH,LISP,TEWA,WTSP"
76745,2,"BLTE,CANG,PIGR,RNGR,WISN,WTSP,EAKI"
76816,3,"AMCO,DEJU,LCSP,LISP,NSWO"
76849,2,"AMCO,CCSP,COLO,CORA,LCSP,REVI,SORA,SWTH,TEWA,WIPH,WTSP"
76867,1,"AMCO,CCSP,COME,LCSP,LISP,SWSP,WTSP,YERA"
76912,1,"AMCR,CANG,CHSP,LCSP,LISP,MAWR,NESP,RWBL,SORA,WISN,SWSP"
76956,1,"ALFL,BOCH,CHSP,CMWA,COYE,GRAJ,NOFL,RCKI,SWSP,SWTH,TEWA"
77049,1,"CHSP,COYE,SPSA,SWTH,TEWA,WTSP"
77163,2,"ALFL,BOCH,COYE,LCSP,SWTH,TEWA,WIWR"
77204,3,"CHSP,CMWA,GRAJ,LCSP,LISP,OVEN,PAWA,RECR,TEWA,YBSA,YRWA,SWSP"
77310,7,GGOW
77496,1,"HETH,LISP,MALL,NSHO,RNDU,WISN,SOSA,WTSP"
77498,2,"CHSP,CORA,LISP,MALL,YRWA"
77540,1,"BOGU,CORA,EAKI,LEYE,TEWA"
77707,3,"AMWI,GWTE"
77709,2,"AMCR,CANG,CHSP,KILL,PAWA,RBGU,RCKI,SWSP"
77724,3,"GRAJ,HETH,OCWA,TEWA"
77771,2,"AMWI,BOGU,LISP,PAWA,SWSP,YBSA"
77776,1,"AMWI,CCSP,CHSP,LCSP,LISP,OCWA,PAWA,PBGR,RBGR,REVI,WTSP,SWSP"
77782,1,"AMCR,BOWA,CEDW,CHSP,COYE,LCSP,TEWA,TRES"
77877,1,"BOGU,CANG,CCSP,CHSP,COYE,HETH,LCSP,LISP,NESP,OVEN,SWSP"
77887,2,"AMCO,COLO,LCSP,MAWR,NESP,SEWR"
77896,3,"CHSP,CONW,RBGU,COYE"
78016,2,"AMCR,BOGU,CANG,DEJU,GBHE,LCSP,RBGU,REVI,SWSP,TEWA,WIWR,WTSP"
78102,1,"ALFL,BLTE,BOGU,COYE,FOTE,FRGU,HOFI,LEFL,RNGR,RWBL,SEWR,SORA,SWSP,TRES,YEWA,YHBL"
78102,2,"ALFL,BOGU,COYE,FOTE,FRGU,HOFI,RBGU,RWBL,SEWR,SORA,SWSP,TRES,YHBL"
78102,3,"BLTE,BOGU,COYE,FOTE,FRGU,HOFI,RWBL,SEWR,YHBL,YEWA"
78104,1,"BOGU,COYE,NRWS,SEWR,WISN,YEWA,YHBL,FOTE"
78106,2,"ALFL,BOGU,CCSP,COYE,LEFL,NRWS,REVI,SEWR,SWSP,WISN,YERA,YEWA,YHBL,AMRE"
78106,3,"ALFL,CCSP,COYE,LEFL,NRWS,REVI,RWBL,SEWR,TEWA,WISN,YHBL,YEWA"
78196,1,"BUFF,CCSP,COYE,LCSP,LISP,NESP,RNGR,SEWR,SORA"
78196,2,"AMWI,BUFF,CCSP,COLO,COYE,LCSP,SEWR,SORA"
78196,3,"AMWI,BUFF,CCSP,COYE,LCSP,RNGR,SEWR,SORA,RNDU"
78266,1,"BUFF,COYE,SORA"
78303,3,"GHOW,LISP"
78319,1,"AMCO,BOGU,CCSP,COYE,LCSP,PBGR,RWBL,STGR,YHBL"
78319,2,"AMWI,BOGU,COYE,LCSP,RNGR,RWBL,WTSP,YHBL"
78328,2,"AMCO,BOGU,COYE,LESC,PBGR,RNGR,RWBL,SORA,YHBL,FOTE"
78391,1,"ALFL,AMCO,BLTE,COLO,COTE,COYE,LCSP,RNGR,RWBL,SEWR,SORA,SOSP,SWSP,YERA,YHBL,FOTE"
78391,3,"AMCO,BOGU,COLO,COTE,COYE,LCSP,SEWR,SOSP,SWSP,WTSP,YERA,YHBL,FOTE"
78420,1,"CCSP,SEWR,VIRA,WEGR,YERA"
78420,2,"SEWR,VIRA,WEGR,YERA,SORA"
78424,1,"LCSP,MAWR,VIRA,WEGR,YERA"
78424,2,"VIRA,WEGR,YERA"
78424,3,"LCSP,VIRA,WEGR,YERA"
78440,2,"AMCO,CCSP,COLO,COTE,COYE,LCSP,LISP,REVI,RNGR,SEWR,SORA,WTSP,YERA,YHBL"
78474,1,"PBGR,SEWR,VIRA,WEGR,YERA"
78474,2,"BLTE,SEWR,VIRA,WEGR,YERA"
78474,3,"BLTE,SEWR,VIRA,WEGR,YERA"
78493,3,"ALFL,AMCO,BLTE,COLO,COTE,COYE,SEWR,SWTH,YERA"
78495,5,"FOTE,YERA,COLO,LCSP"
78554,1,"AMCO,BLTE,EAGR,NESP,RUDU,VIRA"
78554,2,"AMCO,AMWI,BLTE,BWTE,NESP,NOGO,VIRA,WISN,YERA"
78554,3,"AMCO,EAGR,NESP,PBGR,RNGR,SORA,VIRA,YERA"
78581,2,"ALFL,AMCO,BLTE,BOGU,CCSP,CHSP,COLO,COTE,COYE,LCSP,RWBL,SEWR,SORA,SWSP,YERA,YHBL"
78581,3,"ALFL,AMCO,BLTE,BOGU,CCSP,CHSP,COLO,COTE,COYE,LCSP,RWBL,SEWR,SORA,SWSP,YERA,YHBL"
78588,3,"CHSP,COLO,CONW,COYE,RNDU,RNGR,SWTH"
78597,3,"BLTE,COYE,LCSP,MERL,RWBL,SORA"
78605,3,"COTE,COYE,LCSP,RWBL,SWSP,WISN,BLTE"
78606,2,"CHSP,CONI,LISP,RNDU,RWBL"
78612,2,"BLTE,BOGU,COYE,LCSP,SWSP,WISN"
78621,1,"AMCO,NOGO,VIRA,YERA"
78621,3,"ALFL,AMCO,EAGR,LCSP,RNGR,RUDU,VIRA,YERA"
78691,2,"ALFL,LCSP,RNGR,WEGR,YERA"
78691,3,"LCSP,WEGR,WISN,WTSP,YERA"
78785,1,"BAWW,MAWA,OVEN,REVI,RUGR"
78839,3,ALFL
79093,3,"CHSP,HETH,LCSP,LISP,NAWA,SWSP,SWTH,WTSP"
79381,1,"BEKI,CONI,LCSP,RNDU,BAOR,MALL"
79381,3,"BEKI,CCSP,LCSP,BAOR"
79441,1,"BLTE,CHSP,LISP,RTHA,SACR,WISN"
79458,3,"BEKI,CHSP,SWSP"
79469,1,"COLO,LESC,LISP,SWSP,WISN,WTSP"
79576,2,"COTE,LCSP,MALL,MAWR,RWBL,SORA,SAVS"
79576,3,"BLTE,COTE,LCSP,MAWR,RWBL,SORA,SAVS"
79661,1,"AMBI,AMCO,CANG,FOSP,NOWA,RNGR,RWBL,SORA,TEWA,YEWA,YHBL,TUSW"
79663,3,"AMBI,AMCO,LESC,NOWA,PBGR,REVI,RWBL,SORA,SWSP,YEWA"
79667,1,"AMCO,FOSP,FRGU,NOWA,RWBL,WTSP,YEWA"
79667,3,"AMCO,FOSP,FRGU,NOWA,RWBL,SWSP,SWTH,YEWA"
79673,1,"AMCO,AMRE,AMRO,CANG,FOSP,NOWA,PBGR,RNGR,RUGR,RWBL,YEWA"
79677,1,"AMBI,AMCO,AMRE,AMRO,CANG,FOSP,NOWA,PBGR,RWBL,SORA,SWSP,YHBL"
79677,3,"AMBI,AMCO,AMRO,AMWI,CANG,FOSP,GRYE,NOWA,RUGR,RWBL,SORA,SWSP,SWTH,YEWA"
79679,1,"AMCO,AMRE,CHSP,PBGR,REDH,RNGR,RUGR,RWBL,SORA,WISN,SWSP,YEWA"
79685,1,"ALFL,AMBI,AMCO,CHSP,FOSP,FRGU,RWBL,SWTH,YEWA"
79921,1,"AMWI,CCSP,CHSP,COYE,GRAJ,HETH,LCSP,PISI,RWBL,SWSP,TEWA"
79987,1,"BADO,GWTE,MAWR,NESP,SORA"
79987,2,"MAWR,NESP"
80032,2,"AMCO,CANG,CHSP,CMWA,GRAJ,HETH,NOWA,OVEN,PHVI,TEWA,WETA,WISN,WIWR,YRWA,WTSP"
80069,3,"BADO,NSWO"
80080,2,"AMCO,CHSP,CONW,CORA,HETH,OVEN,RCKI,REVI,RWBL,SWTH,YRWA"
80308,2,"CANG,EAKI,FOTE,LCSP,WTSP"
80604,2,"BADO,NSWO"
80606,2,"AMRO,BHCO,BRCR,CANG,EVGR,LCSP,LEFL,MAWA,NOWA,OVEN,RWBL,SORA,SWSP,TEWA,WTSP,CHSP"
80767,2,"HETH,MERL,REVI,TEWA,WTSP,AMKE"
80976,1,"CCSP,LCSP,WISN,YRWA"
81002,2,GGOW
81005,1,"LISP,PAWA,WISN,WTSP"
81245,1,"AMBI,BLTE,CANG,COYE,LISP,MAWR,RWBL,SWTH,TEWA,SWSP"
81272,3,"ALFL,AMRO,BHCO,BLTE,CANG,CHSP,CONW,COYE,MAWR,OVEN,RBGU,RWBL,SORA,TEWA,SWSP"
81289,2,"ALFL,CCSP,COYE,LCSP,MAWR,NESP,SEWR,SORA,YERA"
81305,3,"AMBI,CCSP,CONW,GHOW,WISN"
81364,3,"RNDU,RWBL"
81379,3,"AMCO,CCSP,COLO,COYE,DEJU,GWTE,LCSP,RBGR,RWBL,SEWR,SORA,SWSP,TRES,WTSP,YEWA,WISN"
81427,1,"CANG,CORE,OVEN,PISI,RUGR,SWTH,TEWA,WTSP,YRWA"
81427,2,"CANG,CORE,OVEN,PISI,SWTH,TEWA,YRWA"
81427,3,"CANG,CORE,OVEN,PISI,SWTH,TEWA,WTSP,YBSA,YRWA,RUGR"
81444,1,"AMCR,AMWI,BLTE,GADW,LCSP,RNGR,RWBL,SORA,SWSP,WISN,WTSP,YERA,DEJU"
81453,1,"BADO,LISP"
81482,1,"AMCR,CCSP,LCSP,LEFL,REVI,RWBL,SWTH,WTSP,YEWA"
81560,1,"AMCR,BBMA,CHSP,LISP,SWTH,TEWA,WIWR,WTSP"
81620,3,"BADO,CCSP,CONW,COYE,GHOW,LCSP"
81629,1,"GWTE,SORA,WTSP"
81633,1,"AMCO,AMCR,DEJU,GWTE,RWBL,CHSP,SWSP"
81654,2,"CONW,DOWO,HETH,OVEN,TEWA,YRWA,WTSP"
81723,2,"BOWA,CEDW,COYE,LCSP,SEWR,WISN,WTSP,WIWA"
81788,3,"AMCO,LCSP,MAWR,NESP,SORA"
81806,3,"AMWI,BHCO,CANG,CCSP,COYE,DEJU,LCSP,LISP,RCKI,RWBL,SORA,SWSP,WTSP,YERA,YRWA,CHSP"
81980,1,"ALFL,BHCO,BLTE,LEFL,LISP,REVI,RWBL,SORA,TEWA,TRES,WAVI,YEWA"
81987,3,"ALFL,AMGO,AMWI,LCSP,LEFL,REVI,RWBL,SWSP,TEWA"
82007,3,"ALFL,BARS,BLTE,CCSP,LCSP,SWSP"
82009,2,"BARS,BLTE,SEWR,YERA"
82031,1,"ALFL,AMGO,CCSP,COYE,HETH,LCSP,LISP,RWBL,SORA,SWSP,YBSA"
82103,1,"ALFL,AMCO,BAWW,BLTE,CCSP,LISP,RWBL,SORA,SWSP,TEWA,YERA"
82268,1,"AMCO,BLTE,MAWR,PBGR,SORA,SWSP,EAGR"
82269,3,"ALFL,AMCO,COYE,PBGR,REVI,RNGR,RWBL,SEWR,SORA,SOSP,SWSP,WTSP,YEWA,YHBL,YRWA,WISN"
82272,3,"EAGR,MAWR"
82288,2,"EAGR,LCSP,MAWR,SORA,VIRA"
82288,3,"EAGR,LCSP,MAWR,RUDU,SORA,VIRA"
82299,1,"BOGU,EAGR,LISP,MAWR,PBGR,VIRA,WISN"
82343,2,"MAWR,NESP,PBGR,VIRA"
82480,2,LEOW
82480,3,"LEOW,RNGR"
82531,4,BADO
82821,1,"BLJA,LCSP"
82824,1,"ALFL,COYE,LCSP,OVEN,REVI,TEWA,WTSP"
82861,2,"LCSP,NESP,NSWO,SORA"
83170,1,"LCSP,NOPI,SORA,YERA"
83237,1,"BAWW,GRAJ,LISP,MAWA,SWTH,TEWA,WIWA,WTSP"
83239,2,"BCCH,SWTH,WTSP,GCKI,MOCH"
83248,2,"BOWA,CEDW,CHSP,COYE,WTSP,GCKI"
83840,1,"BAWW,COYE,LISP,MAWA,NOWA,OVEN,SWSP,SWTH,TEWA,WIWA,WTSP"
83843,1,"ALFL,BAWW,BCCH,CHSP,COYE,FOSP,MAWA,SACR,SWTH,TEWA,WISN,WIWA,WTSP,YBSA"
83843,2,"ALFL,BCCH,CHSP,COYE,FOSP,MAWA,SACR,SWTH,TEWA,WIWA,WTSP,YBSA"
83864,2,"AMRO,DEJU,LCSP,LISP,NSWO,SWTH,WISN,WTSP,SWSP"
84128,1,"LCSP,NHOW"
84128,2,"LCSP,NHOW"
84128,3,"LCSP,NHOW"
84234,3,"CANG,CHSP,COYE,LEFL,NOFL,REVI,SWTH,TEWA,WTSP,YEWA"
84358,2,"ALFL,CHSP,COYE,LEYE,LISP,RUBL,SORA,TEWA,TRES,WISN,WTSP,GRYE"
84392,2,"ALFL,COYE,EAKI,LCSP,RUBL,SWSP,TRES,WTSP"
84395,2,"AMRO,EAKI,LCSP,LEFL,OSFL,SWSP,TRES,WEWP,WISN,WTSP"
84412,2,"GWTE,WISN"
84479,3,"BLTE,CHSP,COYE,EAKI,LCSP,LISP,RWBL,SWSP,WISN"
84481,1,"BLTE,BOGU,CHSP,COYE,GRYE,LCSP,LISP,RWBL,SBDO,WIPH,WISN"
84489,3,"BLTE,CHSP,COLO,COYE,EAKI,GRYE,LISP,SBDO,SWSP,WISN,DEJU,LEYE"
84518,3,"LCSP,LEYE,NSHO,RWBL,SAVS,SBDO,SORA,SWSP,TRES,WISN,WIPH"
84623,3,"AMRO,CHSP,LCSP,LISP,NOFL,RUDU,RWBL,SACR,WTSP,YBSA,DEJU,SWSP"
84629,2,"AMRO,DEJU,LCSP,LISP,SNGO,WTSP,YRWA"
84629,3,"AMRO,DEJU,LCSP,LISP,SNGO,WTSP,YRWA"
84659,2,"AMRO,LCSP,LISP,NSHO,WISN,WTSP,YBSA,YRWA,RBGR"
84672,2,"CCSP,CHSP,COYE,LCSP,LISP,OCWA,WTSP"
84758,1,"AMRO,LCSP,SNGO,SWSP,WTSP,GWFG"
84758,2,"AMRO,LCSP,SNGO,SWSP,WTSP,GWFG"
84758,3,"AMRO,LCSP,SNGO,SWSP,WTSP"
84893,1,"AMRO,BBWO,CANG,CHSP,COYE,DEJU,LCSP,LISP,SACR,TRES,WTSP,YBSA,SWSP"
85043,1,"CHSP,GGOW,GRAJ,LEYE,LISP,SACR,SAVS,SBDO,WISN"
85082,3,"CHSP,EAKI,GRYE,LCSP,LISP,OSFL,RUBL,SWSP,WISN,WTSP"
85159,3,"AMRO,BHCO,CHSP,LISP,RWBL,SBDO,WISN"
85167,5,"CONI,GRYE,WISN"
85206,1,"CHSP,COYE,EAKI,GRYE,LCSP,LISP,RUBL,RWBL,SORA,WIPH,WISN,LEYE"
85714,1,"GCKI,WWCR"
89978,2,"AMRO,CHSP,DEJU,HETH,LISP,PALO,PAWA,SOSA,WISN,WTSP"
89978,3,"AMRO,CHSP,DEJU,HETH,LISP,PALO,PAWA,WISN,WTSP"
89999,1,"ALFL,AMRO,COYE,FOSP,LCSP,LISP,RUGR,SORA,SWSP,SWTH,TEWA,WTSP,YBSA"
90003,1,"NHOW,TEWA,WISN"
90003,2,"NHOW,WISN"
90003,3,"HETH,NHOW,WISN"
90005,1,"AMRO,CAJA,CHSP,DEJU,HETH"
90748,1,"ALFL,AMRO,CHSP,HAWO,LEYE,PAWA,WTSP"
90748,2,"ALFL,AMRO,CHSP,GRAJ,HAWO,LISP,PAWA,WTSP"
90832,1,"ALFL,CHSP,HETH,LISP,OCWA,SBIG,SORA,WTSP"
90832,2,"ALFL,AMRO,CHSP,LISP,OCWA,SBIG,SORA,WTSP"
90832,3,"ALFL,CHSP,HETH,LISP,OCWA,SBIG,SORA,WTSP,MOCH"
92072,3,"BOCH,GRAJ,HETH,LISP,OVEN,PHVI,SWSP,WTSP,YRWA"
92220,1,"BHCO,CANG,COYE,GWTE,MAWR,RWBL,SWSP,TEWA"
92347,2,"AMBI,EAKI,GRYE,LCSP,LISP,PAWA,SACR,SAVS,SBDO,WISN"
92556,1,"NOWA,REVI,RWBL,SOSP,SPSA,SWTH,WTSP,YEWA"
92563,1,"AMRE,BOWA,REVI,SAVS,RWBL,YEWA"
92563,2,"AMRE,BOWA,REVI,RWBL,SOSP,SPSA"
92563,3,"AMRE,BOWA,CANG,LEFL,REVI,RUBL,RWBL,SOSP,YEWA"
92567,3,"AMRO,BEKI,BHVI,LEFL,NOFL,REVI,RWBL,SOSP,WTSP"
92577,2,"BEKI,SORA"
98698,1,MAGO
98698,2,"COLO,MAGO"
98698,3,MAGO
99404,2,"DEJU,HETH,SWTH,WAVI,WTSP,WWCR"
99555,2,"AMRO,CEDW,HETH,VATH,WTSP,YRWA"
